﻿<?xml version="1.0" encoding="utf-8"?>
<catalogue>
  <album>
    <name>Album1</name>
    <artist>Artist1</artist>
    <year>1901</year>
    <producer>Producer1</producer>
    <price>11</price>
    <songs>
      <song>
        <title>Artist1-Song1</title>
        <duration>3:00</duration>
      </song>
    </songs>
  </album>
  <album>
    <name>Album2</name>
    <artist>Artist2</artist>
    <year>1902</year>
    <producer>Producer2</producer>
    <price>12</price>
    <songs>
      <song>
        <title>Artist2-Song2</title>
        <duration>4:00</duration>
      </song>
    </songs>
  </album>
  <album>
    <name>Album3</name>
    <artist>Artist3</artist>
    <year>1903</year>
    <producer>Producer3</producer>
    <price>13</price>
    <songs>
      <song>
        <title>Artist3-Song3</title>
        <duration>5:00</duration>
      </song>
    </songs>
  </album>
</catalogue>